{
  "numeric_cols": [
    "GP",
    "Min_per",
    "Ortg",
    "usg",
    "eFG",
    "TS_per",
    "ORB_per",
    "DRB_per",
    "AST_per",
    "TO_per",
    "FTM",
    "FTA",
    "FT_per",
    "twoPM",
    "twoPA",
    "twoP_per",
    "TPM",
    "TPA",
    "TP_per",
    "blk_per",
    "stl_per",
    "ftr",
    "porpag",
    "adjoe",
    "pfr",
    "Rec Rank",
    "ast/tov",
    "rimmade",
    "rimmade+rimmiss",
    "midmade",
    "midmade+midmiss",
    "rimmade/(rimmade+rimmiss)",
    "midmade/(midmade+midmiss)",
    "dunksmade",
    "dunksmiss+dunksmade",
    "drtg",
    "adrtg",
    "dporpag",
    "stops",
    "bpm",
    "obpm",
    "dbpm",
    "gbpm",
    "mp",
    "ogbpm",
    "dgbpm",
    "oreb",
    "dreb",
    "treb",
    "ast",
    "stl",
    "blk",
    "pts",
    "yr_num",
    "ht_inches",
    "Playmaker_Usg",
    "Scoring_Gravity",
    "AST_to_USG",
    "Elite_Recruit",
    "Freshman_Star"
  ],
  "categorical_cols": [
    "team",
    "conf",
    "role"
  ],
  "numeric_mean": {
    "GP": 22.262376825359137,
    "Min_per": 37.06825952748427,
    "Ortg": 90.24192093078474,
    "usg": 18.342936008548023,
    "eFG": 43.23179983378843,
    "TS_per": 46.564735248723736,
    "ORB_per": 5.609052594087617,
    "DRB_per": 12.686245993114092,
    "AST_per": 11.118176421702481,
    "TO_per": 20.603739760180456,
    "FTM": 35.18971862756737,
    "FTA": 49.79170129407574,
    "FT_per": 0.5631726819423007,
    "twoPM": 43.27104357117417,
    "twoPA": 88.8266650836994,
    "twoP_per": 0.41160085480232694,
    "TPM": 15.831651430606673,
    "TPA": 45.62572717559065,
    "TP_per": 0.2184770271874629,
    "blk_per": 1.8150005936127271,
    "stl_per": 1.7326902528790218,
    "ftr": 37.633936839605845,
    "porpag": 0.8538539755391489,
    "adjoe": 87.84218483404607,
    "pfr": 4.2759290039178435,
    "Rec Rank": 758.2798765285528,
    "ast/tov": 0.8470358589683011,
    "rimmade": 27.88198898574311,
    "rimmade+rimmiss": 46.25654618604702,
    "midmade": 15.280186011288825,
    "midmade+midmiss": 42.33671037337361,
    "rimmade/(rimmade+rimmiss)": 0.4926337237489779,
    "midmade/(midmade+midmiss)": 0.2847478691138431,
    "dunksmade": 3.504926985634572,
    "dunksmiss+dunksmade": 3.912026593850172,
    "drtg": 103.54116621221654,
    "adrtg": 103.919592789683,
    "dporpag": 1.438059574545708,
    "stops": 82.63052478172267,
    "bpm": -2.940622933758756,
    "obpm": -2.1296170608216194,
    "dbpm": -0.8110059814702602,
    "gbpm": -2.9033946045032653,
    "mp": 17.036703437017692,
    "ogbpm": -2.2508069765334797,
    "dgbpm": -0.6525876549866616,
    "oreb": 0.7878482072895643,
    "dreb": 1.9194465867268193,
    "treb": 2.7072955063516564,
    "ast": 1.0925553009616527,
    "stl": 0.5359877418971862,
    "blk": 0.28531676955953933,
    "pts": 5.976228291582572,
    "yr_num": 3.2373263682773357,
    "ht_inches": 76.61729787486644,
    "Playmaker_Usg": 222.24245755669,
    "Scoring_Gravity": 229.8696072201116,
    "AST_to_USG": 142.89422864980466,
    "Elite_Recruit": 0.05484981598005461,
    "Freshman_Star": 0.008785468360441648
  },
  "numeric_std": {
    "GP": 10.62749379057841,
    "Min_per": 29.916832678280937,
    "Ortg": 32.93541313914985,
    "usg": 6.737543919258197,
    "eFG": 19.667739140253413,
    "TS_per": 18.88253758199336,
    "ORB_per": 13.794562747121393,
    "DRB_per": 14.136140238170768,
    "AST_per": 10.042933995242405,
    "TO_per": 13.434961736656879,
    "FTM": 41.867234783385406,
    "FTA": 55.925521018703066,
    "FT_per": 0.28693970791676066,
    "twoPM": 48.71579501825457,
    "twoPA": 94.39133854835684,
    "twoP_per": 0.20780700432754762,
    "TPM": 23.197468722134342,
    "TPA": 61.89906649132004,
    "TP_per": 0.1965161862475731,
    "blk_per": 8.834550720829947,
    "stl_per": 2.3467006385225093,
    "ftr": 39.381278527230684,
    "porpag": 1.5136337795415364,
    "adjoe": 33.602622067019986,
    "pfr": 6.418761868956854,
    "Rec Rank": 412.207049169931,
    "ast/tov": 0.734418551094637,
    "rimmade": 32.70703710066324,
    "rimmade+rimmiss": 51.00301353236243,
    "midmade": 19.68727082068384,
    "midmade+midmiss": 49.740398555977336,
    "rimmade/(rimmade+rimmiss)": 0.2627984161471797,
    "midmade/(midmade+midmiss)": 0.19357001079590522,
    "dunksmade": 8.342439055203073,
    "dunksmiss+dunksmade": 9.10663939792461,
    "drtg": 13.9093749642926,
    "adrtg": 14.41560526524369,
    "dporpag": 1.161220243562783,
    "stops": 70.9236661661976,
    "bpm": 9.4487894644493,
    "obpm": 5.8812992152391,
    "dbpm": 5.524976443881321,
    "gbpm": 9.195973026502257,
    "mp": 11.357006907198368,
    "ogbpm": 6.878007897942519,
    "dgbpm": 3.5404336008685626,
    "oreb": 0.7923221438683045,
    "dreb": 1.6149364451068844,
    "treb": 2.2965119713277113,
    "ast": 1.2304940770598238,
    "stl": 0.49915449067486806,
    "blk": 0.45125347631807644,
    "pts": 5.477394169630079,
    "yr_num": 1.0768072169511904,
    "ht_inches": 3.6831155431824487,
    "Playmaker_Usg": 243.87344411738633,
    "Scoring_Gravity": 251.84372822433562,
    "AST_to_USG": 3090.7333240067223,
    "Elite_Recruit": 0.22768687636095492,
    "Freshman_Star": 0.09331818636326646
  },
  "categories": {
    "team": [
      "Prairie View A&M",
      "Chicago St.",
      "Texas Southern",
      "Mississippi Valley St.",
      "Grambling St.",
      "North Carolina Central",
      "UT Rio Grande Valley",
      "Jackson St.",
      "Alabama St.",
      "Stephen F. Austin",
      "Alcorn St.",
      "Delaware St.",
      "Houston Baptist",
      "Cal St. Fullerton",
      "Morehead St.",
      "Southern",
      "Savannah St.",
      "Lamar",
      "Cal St. Northridge",
      "Idaho St.",
      "Portland St.",
      "Middle Tennessee",
      "Tennessee Martin",
      "Arkansas Pine Bluff",
      "UC Riverside",
      "Kentucky",
      "Troy",
      "FIU",
      "Army",
      "Nicholls St.",
      "Southeastern Louisiana",
      "Norfolk St.",
      "Coppin St.",
      "Pacific",
      "Florida A&M",
      "Texas St.",
      "North Carolina",
      "South Carolina St.",
      "Sam Houston St.",
      "Maryland Eastern Shore",
      "__OTHER__"
    ],
    "conf": [
      "MEAC",
      "Slnd",
      "SWAC",
      "SB",
      "CUSA",
      "OVC",
      "BSky",
      "SEC",
      "ACC",
      "A10",
      "MAC",
      "BE",
      "SC",
      "NEC",
      "B10",
      "BSth",
      "WAC",
      "BW",
      "Horz",
      "MAAC",
      "MWC",
      "B12",
      "CAA",
      "ASun",
      "MVC",
      "Sum",
      "AE",
      "Pat",
      "WCC",
      "P12",
      "Ivy",
      "Amer",
      "ind",
      "GWC",
      "P10",
      "Ind",
      "__OTHER__"
    ],
    "role": [
      "Wing G",
      "PF/C",
      "Combo G",
      "C",
      "Scoring PG",
      "Unknown",
      "Wing F",
      "Pure PG",
      "Stretch 4",
      "__OTHER__"
    ]
  },